pair,base,quote,state,tags,last_updated
rlyusdt,rly,usdt,offline,st,2025-11-10 12:18:37
sorausdt,sora,usdt,offline,st,2025-11-10 12:18:37
sylousdt,sylo,usdt,online,st,2025-11-10 12:18:37
snceth,snc,eth,online,st,2025-11-10 12:18:37
zkbusdt,zkb,usdt,offline,st,2025-11-10 12:18:37
slopusdt,slop,usdt,offline,st,2025-11-10 12:18:37
sukuusdt,suku,usdt,online,st,2025-11-10 12:18:37
lesterusdt,lester,usdt,offline,st,2025-11-10 12:18:37
wifiusdt,wifi,usdt,online,st,2025-11-10 12:18:37
rpkusdt,rpk,usdt,offline,st,2025-11-10 12:18:37
unfiusdt,unfi,usdt,offline,st,2025-11-10 12:18:37
fancusdt,fanc,usdt,offline,st,2025-11-10 12:18:37
adpusdt,adp,usdt,offline,st,2025-11-10 12:18:37
trempusdt,tremp,usdt,offline,st,2025-11-10 12:18:37
lljeffyusdt,lljeffy,usdt,offline,"st,innovate",2025-11-10 12:18:37
xtmusdt,xtm,usdt,offline,st,2025-11-10 12:18:37
nestusdt,nest,usdt,offline,st,2025-11-10 12:18:37
xrusdt,xr,usdt,online,st,2025-11-10 12:18:37
mxcusdt,mxc,usdt,online,"st,activities",2025-11-10 12:18:37
crtsusdt,crts,usdt,online,st,2025-11-10 12:18:37
sovrnusdt,sovrn,usdt,offline,st,2025-11-10 12:18:37
engbtc,eng,btc,offline,st,2025-11-10 12:18:37
pizzausdt,pizza,usdt,offline,st,2025-11-10 12:18:37
fofarusdt,fofar,usdt,offline,"st,abnormalmarket",2025-11-10 12:18:37
pumpoldusdt,pumpold,usdt,offline,st,2025-11-10 12:18:37
vsysusdt,vsys,usdt,online,st,2025-11-10 12:18:37
gmeusdt,gme,usdt,offline,st,2025-11-10 12:18:37
punduusdt,pundu,usdt,offline,st,2025-11-10 12:18:37
myrousdt,myro,usdt,online,st,2025-11-10 12:18:37
rtfusdt,rtf,usdt,offline,st,2025-11-10 12:18:37
buzzusdt,buzz,usdt,online,st,2025-11-10 12:18:37
ssgusdt,ssg,usdt,offline,st,2025-11-10 12:18:37
tbullusdt,tbull,usdt,offline,st,2025-11-10 12:18:37
bobusdt,bob,usdt,offline,"st,innovate",2025-11-10 12:18:37
sbdusdt,sbd,usdt,online,st,2025-11-10 12:18:37
clearusdt,clear,usdt,offline,st,2025-11-10 12:18:37
eurtusdt,eurt,usdt,online,st,2025-11-10 12:18:37
btfusdt,btf,usdt,offline,st,2025-11-10 12:18:37
ctrlusdt,ctrl,usdt,offline,st,2025-11-10 12:18:37
pluusdt,plu,usdt,offline,st,2025-11-10 12:18:37
wsmusdt,wsm,usdt,offline,st,2025-11-10 12:18:37
zelixusdt,zelix,usdt,offline,st,2025-11-10 12:18:37
evmosusdt,evmos,usdt,offline,st,2025-11-10 12:18:37
iguusdt,igu,usdt,offline,st,2025-11-10 12:18:37
zlabtc,zla,btc,offline,st,2025-11-10 12:18:37
hggusdt,hgg,usdt,offline,st,2025-11-10 12:18:37
engeth,eng,eth,offline,"st,abnormalmarket",2025-11-10 12:18:37
bubbleusdt,bubble,usdt,offline,st,2025-11-10 12:18:37
ethfusdt,ethf,usdt,offline,st,2025-11-10 12:18:37
pondusdt,pond,usdt,online,st,2025-11-10 12:18:37
ncasheth,ncash,eth,offline,st,2025-11-10 12:18:37
sunwukongusdt,sunwukong,usdt,offline,st,2025-11-10 12:18:37
erthausdt,ertha,usdt,offline,st,2025-11-10 12:18:37
xzkusdt,xzk,usdt,offline,st,2025-11-10 12:18:37
cvpusdt,cvp,usdt,offline,st,2025-11-10 12:18:37
pdausdt,pda,usdt,offline,st,2025-11-10 12:18:37
wxtusdt,wxt,usdt,offline,st,2025-11-10 12:18:37
h2ousdt,h2o,usdt,offline,"st,abnormalmarket",2025-11-10 12:18:37
rocousdt,roco,usdt,offline,st,2025-11-10 12:18:37
tntbtc,tnt,btc,offline,st,2025-11-10 12:18:37
salteth,salt,eth,offline,st,2025-11-10 12:18:37
kanusdt,kan,usdt,offline,st,2025-11-10 12:18:37
tomiusdt,tomi,usdt,offline,st,2025-11-10 12:18:37
neirousdt,neiro,usdt,offline,st,2025-11-10 12:18:37
tronbullusdt,tronbull,usdt,offline,st,2025-11-10 12:18:37
rplusdt,rpl,usdt,online,st,2025-11-10 12:18:37
tavausdt,tava,usdt,online,st,2025-11-10 12:18:37
snakesusdt,snakes,usdt,offline,st,2025-11-10 12:18:37
mcrtusdt,mcrt,usdt,online,st,2025-11-10 12:18:37
saltbtc,salt,btc,offline,st,2025-11-10 12:18:37
godsusdt,gods,usdt,online,st,2025-11-10 12:18:37
mongusdt,mong,usdt,offline,st,2025-11-10 12:18:37
ai16zusdt,ai16z,usdt,suspend,,2025-11-10 12:18:37
zerousdt,zero,usdt,offline,st,2025-11-10 12:18:37
tybengusdt,tybeng,usdt,offline,st,2025-11-10 12:18:37
epikusdt,epik,usdt,offline,st,2025-11-10 12:18:37
elizactousdt,elizacto,usdt,offline,st,2025-11-10 12:18:37
eluusdt,elu,usdt,offline,st,2025-11-10 12:18:37
elizausdt,eliza,usdt,offline,st,2025-11-10 12:18:37
opulusdt,opul,usdt,offline,st,2025-11-10 12:18:37
xpetusdt,xpet,usdt,offline,st,2025-11-10 12:18:37
bullusdt,bull,usdt,offline,st,2025-11-10 12:18:37
mtlusdt,mtl,usdt,online,st,2025-11-10 12:18:37
pewusdt,pew,usdt,offline,st,2025-11-10 12:18:37
unibotusdt,unibot,usdt,offline,st,2025-11-10 12:18:37
bfiusdt,bfi,usdt,online,st,2025-11-10 12:18:37
ktusdt,kt,usdt,offline,st,2025-11-10 12:18:37
kmdusdt,kmd,usdt,offline,st,2025-11-10 12:18:37
acsusdt,acs,usdt,online,st,2025-11-10 12:18:37
flzusdc,flz,usdc,online,st,2025-11-10 12:18:37
vpadusdt,vpad,usdt,offline,st,2025-11-10 12:18:37
cusdusdt,cusd,usdt,offline,st,2025-11-10 12:18:37
ergusdt,erg,usdt,offline,st,2025-11-10 12:18:37
berryusdt,berry,usdt,offline,st,2025-11-10 12:18:37
rabusdt,rab,usdt,offline,st,2025-11-10 12:18:37
nglusdt,ngl,usdt,offline,st,2025-11-10 12:18:37
lithusdt,lith,usdt,offline,st,2025-11-10 12:18:37
chousdt,cho,usdt,online,st,2025-11-10 12:18:37
sttusdt,stt,usdt,offline,st,2025-11-10 12:18:37
evxbtc,evx,btc,offline,st,2025-11-10 12:18:37
zkpusdt,zkp,usdt,online,st,2025-11-10 12:18:37
billyusdt,billy,usdt,offline,st,2025-11-10 12:18:37
orbrusdt,orbr,usdt,offline,st,2025-11-10 12:18:37
rbtcbtc,rbtc,btc,offline,st,2025-11-10 12:18:37
shrapusdt,shrap,usdt,online,st,2025-11-10 12:18:37
dechatusdt,dechat,usdt,offline,st,2025-11-10 12:18:37
logxusdt,logx,usdt,offline,st,2025-11-10 12:18:37
smileyusdt,smiley,usdt,offline,st,2025-11-10 12:18:37
cereusdt,cere,usdt,online,st,2025-11-10 12:18:37
zuzaluusdt,zuzalu,usdt,offline,st,2025-11-10 12:18:37
azerousdt,azero,usdt,offline,st,2025-11-10 12:18:37
oasusdt,oas,usdt,online,st,2025-11-10 12:18:37
asteth,ast,eth,offline,st,2025-11-10 12:18:37
bssbusdt,bssb,usdt,offline,st,2025-11-10 12:18:37
strmusdt,strm,usdt,offline,st,2025-11-10 12:18:37
bullausdt,bulla,usdt,online,st,2025-11-10 12:18:37
osteth,ost,eth,offline,st,2025-11-10 12:18:37
lvnusdt,lvn,usdt,offline,st,2025-11-10 12:18:37
turtusdt,turt,usdt,offline,st,2025-11-10 12:18:37
gearboxusdt,gearbox,usdt,online,st,2025-11-10 12:18:37
sporeusdt,spore,usdt,offline,st,2025-11-10 12:18:37
xenusdt,xen,usdt,offline,st,2025-11-10 12:18:37
qspeth,qsp,eth,offline,st,2025-11-10 12:18:37
avacnusdt,avacn,usdt,offline,st,2025-11-10 12:18:37
wojakusdt,wojak,usdt,offline,st,2025-11-10 12:18:37
avaaiusdt,avaai,usdt,online,st,2025-11-10 12:18:37
sznusdt,szn,usdt,online,st,2025-11-10 12:18:37
xprtusdt,xprt,usdt,online,st,2025-11-10 12:18:37
orcusdt,orc,usdt,offline,st,2025-11-10 12:18:37
promusdt,prom,usdt,online,st,2025-11-10 12:18:37
auryusdt,aury,usdt,offline,st,2025-11-10 12:18:37
ostbtc,ost,btc,offline,st,2025-11-10 12:18:38
lambusdt,lamb,usdt,offline,st,2025-11-10 12:18:38
topusdt,top,usdt,online,st,2025-11-10 12:18:38
laiusdt,lai,usdt,offline,st,2025-11-10 12:18:38
causdt,ca,usdt,online,st,2025-11-10 12:18:38
msnusdt,msn,usdt,offline,st,2025-11-10 12:18:38
bullyusdt,bully,usdt,offline,st,2025-11-10 12:18:38
cateusdt,cate,usdt,offline,st,2025-11-10 12:18:38
yfiiusdt,yfii,usdt,offline,st,2025-11-10 12:18:38
anonusdt,anon,usdt,offline,st,2025-11-10 12:18:38
slfusdt,slf,usdt,online,st,2025-11-10 12:18:38
lbausdt,lba,usdt,offline,"st,highrisk",2025-11-10 12:18:38
musicusdt,music,usdt,online,st,2025-11-10 12:18:38
comusdt,com,usdt,offline,st,2025-11-10 12:18:38
srmusdt,srm,usdt,offline,st,2025-11-10 12:18:38
smoleusdt,smole,usdt,offline,st,2025-11-10 12:18:38
muncatusdt,muncat,usdt,offline,st,2025-11-10 12:18:38
vlxusdt,vlx,usdt,offline,st,2025-11-10 12:18:38
prqusdt,prq,usdt,offline,st,2025-11-10 12:18:38
lbaeth,lba,eth,offline,"st,highrisk",2025-11-10 12:18:38
borgusdt,borg,usdt,offline,st,2025-11-10 12:18:38
apedusdt,aped,usdt,offline,st,2025-11-10 12:18:38
cawusdt,caw,usdt,offline,st,2025-11-10 12:18:38
urousdt,uro,usdt,offline,st,2025-11-10 12:18:38
reiusdt,rei,usdt,online,st,2025-11-10 12:18:38
tenetusdt,tenet,usdt,offline,st,2025-11-10 12:18:38
qspbtc,qsp,btc,offline,"griddisabled,st",2025-11-10 12:18:38
phxbtc,phx,btc,offline,st,2025-11-10 12:18:38
pixfiusdt,pixfi,usdt,online,st,2025-11-10 12:18:38
wnxmusdt,wnxm,usdt,offline,st,2025-11-10 12:18:38
wsdmusdt,wsdm,usdt,online,st,2025-11-10 12:18:38
wlknusdt,wlkn,usdt,offline,st,2025-11-10 12:18:38
nptusdt,npt,usdt,offline,st,2025-11-10 12:18:38
omniausdt,omnia,usdt,offline,st,2025-11-10 12:18:38
lunbtc,lun,btc,offline,st,2025-11-10 12:18:38
mubiusdt,mubi,usdt,offline,st,2025-11-10 12:18:38
hatusdt,hat,usdt,offline,st,2025-11-10 12:18:38
sbtcbtc,sbtc,btc,offline,"st,abnormalmarket",2025-11-10 12:18:38
miceusdt,mice,usdt,offline,st,2025-11-10 12:18:38
lrdsusdt,lrds,usdt,online,st,2025-11-10 12:18:38
fightusdt,fight,usdt,offline,st,2025-11-10 12:18:38
blzusdt,blz,usdt,offline,st,2025-11-10 12:18:38
smtusdt,smt,usdt,offline,st,2025-11-10 12:18:38
evxeth,evx,eth,offline,st,2025-11-10 12:18:38
bblusdt,bbl,usdt,offline,"st,abnormalmarket",2025-11-10 12:18:38
desousdt,deso,usdt,offline,st,2025-11-10 12:18:38
zcxusdt,zcx,usdt,online,st,2025-11-10 12:18:38
luneth,lun,eth,offline,st,2025-11-10 12:18:38
dcusdt,dc,usdt,offline,st,2025-11-10 12:18:38
ivfunusdt,ivfun,usdt,offline,st,2025-11-10 12:18:38
nimusdt,nim,usdt,offline,st,2025-11-10 12:18:38
dfiusdt,dfi,usdt,offline,st,2025-11-10 12:18:38
moonpigusdt,moonpig,usdt,online,st,2025-11-10 12:18:38
doseusdt,dose,usdt,offline,st,2025-11-10 12:18:38
nulsusdt,nuls,usdt,online,st,2025-11-10 12:18:38
xetausdt,xeta,usdt,offline,st,2025-11-10 12:18:38
zerolendusdt,zerolend,usdt,online,st,2025-11-10 12:18:38
bbfusdt,bbf,usdt,offline,st,2025-11-10 12:18:38
xcadusdt,xcad,usdt,offline,st,2025-11-10 12:18:38
linausdt,lina,usdt,offline,st,2025-11-10 12:18:38
bcxbtc,bcx,btc,offline,"st,abnormalmarket",2025-11-10 12:18:38
xenousdt,xeno,usdt,offline,st,2025-11-10 12:18:38
mdxusdt,mdx,usdt,offline,st,2025-11-10 12:18:38
spellfireusdt,spellfire,usdt,offline,st,2025-11-10 12:18:38
oxusdt,ox,usdt,online,st,2025-11-10 12:18:38
vrtxusdt,vrtx,usdt,offline,st,2025-11-10 12:18:38
grokcoinusdt,grokcoin,usdt,offline,st,2025-11-10 12:18:38
uftusdt,uft,usdt,offline,"st,abnormalmarket",2025-11-10 12:18:38
modeusdt,mode,usdt,online,st,2025-11-10 12:18:38
bifibtc,bifi,btc,offline,"st,abnormalmarket",2025-11-10 12:18:38
ingusdt,ing,usdt,offline,st,2025-11-10 12:18:38
gummyusdt,gummy,usdt,offline,st,2025-11-10 12:18:38
omgusdt,omg,usdt,online,st,2025-11-10 12:18:38
paramusdt,param,usdt,offline,st,2025-11-10 12:18:38
poohusdt,pooh,usdt,offline,st,2025-11-10 12:18:38
sillyusdt,silly,usdt,offline,st,2025-11-10 12:18:38
nyanusdt,nyan,usdt,offline,st,2025-11-10 12:18:38
tnteth,tnt,eth,offline,st,2025-11-10 12:18:38
rcneth,rcn,eth,offline,st,2025-11-10 12:18:38
grailusdt,grail,usdt,offline,"st,innovate",2025-11-10 12:18:38
rcnbtc,rcn,btc,offline,"griddisabled,st",2025-11-10 12:18:38
flzusdt,flz,usdt,online,st,2025-11-10 12:18:38
slothusdt,sloth,usdt,offline,st,2025-11-10 12:18:38
gnsusdt,gns,usdt,offline,st,2025-11-10 12:18:38
beerusdt,beer,usdt,offline,st,2025-11-10 12:18:38
polcusdt,polc,usdt,offline,st,2025-11-10 12:18:38
gariusdt,gari,usdt,offline,st,2025-11-10 12:18:38
brwlusdt,brwl,usdt,offline,st,2025-11-10 12:18:38
spellusdt,spell,usdt,online,st,2025-11-10 12:18:38
vinuusdt,vinu,usdt,online,st,2025-11-10 12:18:38
ceekusdt,ceek,usdt,offline,st,2025-11-10 12:18:38
zlaeth,zla,eth,offline,st,2025-11-10 12:18:38
magausdt,maga,usdt,online,st,2025-11-10 12:18:38
griftusdt,grift,usdt,online,st,2025-11-10 12:18:38
motherusdt,mother,usdt,offline,st,2025-11-10 12:18:38
zkfusdt,zkf,usdt,offline,st,2025-11-10 12:18:38
neurusdt,neur,usdt,offline,st,2025-11-10 12:18:38
trollusdt,troll,usdt,offline,st,2025-11-10 12:18:38
mevusdt,mev,usdt,offline,st,2025-11-10 12:18:38
stgusdt,stg,usdt,online,st,2025-11-10 12:18:38
bldusdt,bld,usdt,offline,st,2025-11-10 12:18:38
bnsxusdt,bnsx,usdt,offline,st,2025-11-10 12:18:38
lbabtc,lba,btc,offline,"st,highrisk",2025-11-10 12:18:38
slerfusdt,slerf,usdt,online,st,2025-11-10 12:18:38
whalesusdt,whales,usdt,offline,st,2025-11-10 12:18:38
moovusdt,moov,usdt,offline,st,2025-11-10 12:18:38
sfiusdt,sfi,usdt,offline,st,2025-11-10 12:18:38
analosusdt,analos,usdt,offline,st,2025-11-10 12:18:38
lunasolusdt,lunasol,usdt,offline,st,2025-11-10 12:18:38
rainusdt,rain,usdt,offline,st,2025-11-10 12:18:38
suncatusdt,suncat,usdt,online,st,2025-11-10 12:18:38
dckusdt,dck,usdt,online,st,2025-11-10 12:18:38
amuusdt,amu,usdt,offline,st,2025-11-10 12:18:38
xplausdt,xpla,usdt,offline,st,2025-11-10 12:18:38
hecusdt,hec,usdt,offline,st,2025-11-10 12:18:38
gqusdt,gq,usdt,offline,st,2025-11-10 12:18:38
lfusdt,lf,usdt,online,st,2025-11-10 12:18:38
pbuxusdt,pbux,usdt,online,st,2025-11-10 12:18:38
routeusdt,route,usdt,online,st,2025-11-10 12:18:38
luceusdt,luce,usdt,offline,st,2025-11-10 12:18:38
revvusdt,revv,usdt,offline,st,2025-11-10 12:18:38
watusdt,wat,usdt,offline,st,2025-11-10 12:18:38
toxusdt,tox,usdt,offline,st,2025-11-10 12:18:38
astousdt,asto,usdt,offline,st,2025-11-10 12:18:38
prismausdt,prisma,usdt,offline,st,2025-11-10 12:18:38
mcontentusdt,mcontent,usdt,offline,st,2025-11-10 12:18:38
sncbtc,snc,btc,online,st,2025-11-10 12:18:38
degenaiusdt,degenai,usdt,offline,st,2025-11-10 12:18:38
insurusdt,insur,usdt,offline,st,2025-11-10 12:18:38
syntusdt,synt,usdt,offline,st,2025-11-10 12:18:38
cruusdt,cru,usdt,offline,st,2025-11-10 12:18:38
porkusdt,pork,usdt,offline,st,2025-11-10 12:18:38
1catusdt,1cat,usdt,offline,st,2025-11-10 12:18:38
hifiusdt,hifi,usdt,offline,st,2025-11-10 12:18:38
rdnbtc,rdn,btc,offline,st,2025-11-10 12:18:38
wenusdt,wen,usdt,online,st,2025-11-10 12:18:38
grokusdt,grok,usdt,online,st,2025-11-10 12:18:38
gmeeusdt,gmee,usdt,offline,st,2025-11-10 12:18:38
vicusdt,vic,usdt,online,st,2025-11-10 12:18:38
xemusdt,xem,usdt,online,st,2025-11-10 12:18:38
firousdt,firo,usdt,offline,st,2025-11-10 12:18:38
rdneth,rdn,eth,offline,st,2025-11-10 12:18:38
ghibliusdt,ghibli,usdt,online,st,2025-11-10 12:18:38
juiceusdt,juice,usdt,offline,st,2025-11-10 12:18:38
wwyusdt,wwy,usdt,offline,st,2025-11-10 12:18:38
pandorausdt,pandora,usdt,offline,st,2025-11-10 12:18:38
dypusdt,dyp,usdt,online,st,2025-11-10 12:18:38
aceusdt,ace,usdt,online,st,2025-11-10 12:18:38
forusdt,for,usdt,offline,st,2025-11-10 12:18:38
kaonusdt,kaon,usdt,offline,"st,activities",2025-11-10 12:18:38
diousdt,dio,usdt,offline,st,2025-11-10 12:18:38
mtlbtc,mtlold,btc,offline,"griddisabled,st",2025-11-10 12:18:38
poolxusdt,poolx,usdt,offline,st,2025-11-10 12:18:38
alusdt,al,usdt,online,st,2025-11-10 12:18:38
